LR_minmax_stk,KNN_minmax_stk,SVR_sigmoid_stk,SVR_linear_stk,CB_minmax_stk,Ridge_minmax_stk,ET_minmax_stk,XGB_minmax_stk,Lasso_minmax_stk,GB_minmax_stk,SVR_poly_stk,HGB_minmax_stk,DT_minmax_stk,RF_minmax_stk,MLP_minmax_stk,AB_minmax_stk,LGBM_minmax_stk,SVR_rbf_stk,Elastic_minmax_stk,Current density,LR_minmax_corr_stk,KNN_minmax_corr_stk,SVR_sigmoid_corr_stk,SVR_linear_corr_stk,CB_minmax_corr_stk,Ridge_minmax_corr_stk,ET_minmax_corr_stk,XGB_minmax_corr_stk,Lasso_minmax_corr_stk,GB_minmax_corr_stk,SVR_poly_corr_stk,HGB_minmax_corr_stk,DT_minmax_corr_stk,RF_minmax_corr_stk,MLP_minmax_corr_stk,AB_minmax_corr_stk,LGBM_minmax_corr_stk,SVR_rbf_corr_stk,Elastic_minmax_corr_stk,LR_minmax_fi_stk,KNN_minmax_fi_stk,SVR_sigmoid_fi_stk,SVR_linear_fi_stk,CB_minmax_fi_stk,Ridge_minmax_fi_stk,ET_minmax_fi_stk,XGB_minmax_fi_stk,Lasso_minmax_fi_stk,GB_minmax_fi_stk,SVR_poly_fi_stk,HGB_minmax_fi_stk,DT_minmax_fi_stk,RF_minmax_fi_stk,MLP_minmax_fi_stk,AB_minmax_fi_stk,LGBM_minmax_fi_stk,SVR_rbf_fi_stk,Elastic_minmax_fi_stk
4.22580867073844,4.359798245504834,4.412853828758774,4.4762148860013,4.586341996361453,4.379879400772531,4.769409406404835,4.612096309661865,4.266120030425542,4.450316870216493,4.171475949570206,4.79537448833584,5.087596335232384,4.640578889037094,4.35369823050166,4.651404499169704,4.130497071050828,4.625459375101331,4.306539576137297,4.912654885736052,4.18990666819947,4.539938347056467,5.002745079231146,4.457943801181756,4.556142977438469,4.22472122862889,4.667692415663698,4.70153284072876,4.1933601266298295,4.928655563781356,4.168696358772177,4.9665305270068085,4.736198448394496,4.343720384597432,4.596183338749252,4.764126335590215,4.130497071050828,4.596028920948094,4.198539296862877,4.426997821371229,4.409073363737814,4.472456993650944,4.494323648802473,4.416301511011532,4.371667274679337,4.781413512620336,4.612096309661865,4.426361306752852,4.450316870216493,4.3049398359614,4.79537448833584,4.736198448394496,4.2974642432306265,4.377757833610747,4.56267147207161,4.130497071050828,4.615539160778168,4.380302854249438
4.362879693871604,4.34324028159722,4.5526100842841295,4.599765293623654,4.582121773515133,4.451088193285061,4.393918967177838,4.466490268707275,4.392503511428583,4.4683285457324935,4.308979476597113,4.282866458341824,4.219507705176107,4.399103100872063,4.457431136470219,4.204882135266181,4.132960719446982,4.441684496609145,4.416569332763853,4.836281906951478,4.32475214125448,4.23410650459726,4.85173317475878,4.657768409088147,4.342168581660221,4.3600478135782925,4.254231834200789,4.208292007446289,4.328269953881329,4.255113708062447,4.66456350122279,4.23414650557343,4.219507705176107,4.168029338117188,4.298355200742918,4.187202426412473,4.132960719446982,4.334225550844927,4.333521232759454,4.500420005477143,4.402844849339164,4.613692862920478,4.60501610079097,4.493876048634935,4.438759562620893,4.364586154102322,4.466490268707275,4.500025004635679,4.4683285457324935,4.614312823836752,4.282866458341824,4.219507705176107,4.369116554834696,4.29018803041732,4.219507705176107,4.132960719446982,4.453273710490112,4.45923624577297
4.811089631698063,4.710449841161319,5.842665899882269,4.796700530330652,4.855512654508972,4.189728149316956,4.898246897120153,4.942781925201416,4.504343458404621,5.188027653915017,4.833720179427422,4.819604167208326,5.087596335232384,4.726076292660005,3.249741052138417,4.867534450455582,4.1621367239183,3.794077354255833,4.429263343158319,3.9318256327243257,4.272515071337695,4.736198448394496,5.026917971389483,4.533276451764564,4.724624346189994,4.302873569982985,4.801770098760363,4.725470066070557,4.275979900129571,4.687736337653362,4.334835334890752,4.793600937357084,4.736198448394496,4.791622033539083,4.8096996646303385,4.796462304835951,4.1621367239183,4.836536453260551,4.280211296175687,4.1564997512871145,4.733742650951806,5.243134648384391,4.677273979674502,5.241492309234413,4.142618300691313,4.593121984746847,4.942781925201416,4.164080895526182,5.188027653915017,4.535897493571992,4.819604167208326,4.861701745341183,4.427199388132021,5.113172466027072,4.84644878310598,4.1621367239183,3.716017522538405,4.326117177283326
4.232124269036692,4.769655964041021,4.527798777842129,4.523748709227853,4.488241528211024,4.3834909243023485,4.627229769212122,4.634731292724609,4.27537092861536,4.635440325021241,4.522894785782297,4.734715656150191,4.804021044733257,4.561866657706415,4.6389241398248044,4.583716735401474,4.1284300127337055,4.228422364217649,4.310817184239722,4.976733742420574,4.2879983229315375,4.531152146574389,4.760616836352292,4.618448362666673,4.54230827377765,4.323811194963123,4.5947842316845735,4.558251857757568,4.291499945094949,4.545718690039162,4.568132738053454,4.718695624849881,4.718498871295094,4.547952600214413,4.439327923776259,4.52483242172201,4.1284300127337055,4.549427511738067,4.296868582940513,4.424428014096423,4.719261848426574,4.567316216663985,4.523574907112181,4.725290735253107,4.37385592901696,4.738774395981943,4.634731292724609,4.424299456343123,4.635440325021241,4.871163376054156,4.734715656150191,4.736198448394496,4.718559532027872,4.489243663158019,4.639937969985458,4.1284300127337055,4.212983928740251,4.398538272490387
4.543233591182598,4.7735188503902215,4.553807013280374,4.477322336338003,4.811574506610366,4.360399299959397,4.740336403046426,4.744843006134033,4.504080605772031,4.718711430512353,4.88856080453285,4.833799662732367,4.740336403046426,4.743517063502448,4.647312727144004,4.768501127035026,4.135628192655502,4.869328879406988,4.478343625397776,4.7535901911063645,4.644337577273649,4.573294712469125,4.427830269149463,4.594276519785019,4.602497719477039,4.606193058581484,4.756451439003495,4.567128658294678,4.639844107166416,4.53535702641287,4.662445979096344,4.720174588584934,4.7535901911063645,4.619815632498871,4.571898679099081,4.550671033126857,4.135628192655502,4.680589841268477,4.634683142637153,4.400653234732946,4.7735188503902215,4.5541828898033865,4.496710587588298,4.766722833678493,4.352804500342946,4.740336403046427,4.744843006134033,4.400560469316478,4.718711430512353,4.869208465233896,4.833799662732367,4.969813299576001,4.752048959149837,4.8151972093857065,4.7847847947311655,4.135628192655502,4.869963724373748,4.377864554793541
4.454920341312479,3.4339872044851463,4.344972667936795,4.352532500174188,3.557478896337204,4.256497668379808,3.4339872044851463,3.6331615447998047,4.410582458085234,3.453716393660106,4.103458408865166,3.436166950850238,3.346041871253314,3.7097592020201167,4.305965156859385,3.623449200294136,4.170790403119979,3.5340583362752045,4.375715838656422,3.6635616461296463,4.454449827363029,3.4339872044851463,3.974327022115263,4.244631641266418,3.5969248535178284,4.409667310045986,3.404672093407868,3.64237117767334,4.449981008741565,3.389553996659774,3.9480731303264864,3.459896917363707,3.2769667020129054,3.90460683473308,4.296744458697946,3.5429506459433804,4.170790403119979,3.534367904292002,4.443386824872061,4.2734231385109895,3.4339872044851463,4.301506831325083,4.264131196459026,3.6206598408448847,4.249186983067423,3.433987204485146,3.6331615447998047,4.273154703199033,3.453716393660106,4.313649989845283,3.436166950850238,3.2769667020129054,3.7063469510875127,3.758073663981172,3.87347408325425,4.170790403119979,3.534250630718894,4.253514002881978
3.181424817181105,4.162581072787575,3.4134963426671936,3.366579883773709,3.619291248261232,3.476602553213407,3.603925874193759,3.2546582221984863,3.2331078083902813,3.678313736141693,3.4117429485093265,3.152085825876004,3.295836866004329,4.044031191408066,4.008982381361285,3.511776617865551,4.203838925207815,3.808084223682783,3.2487272011027524,2.6390573296152584,3.295836866004331,3.295836866004329,3.39595166837806,3.395983493230742,3.4459356751178225,3.317358924108176,3.295836866004329,3.25671648979187,3.298953588742536,3.4540054465238565,3.3959363403725,3.30486423891806,3.3649120352447377,3.92822807954874,3.29936168120398,3.442650249491509,4.203838925207815,3.195635004109537,3.301517228087743,3.226757015357763,4.487612934886606,3.4106924615564926,3.3650739681659387,3.47310091066163,3.617713389663159,3.295836866004329,3.2546582221984863,3.231156310942424,3.678313736141693,2.437810576429776,3.152085825876004,3.3649120352447377,3.941996278353285,3.0848888995203327,3.380149385772018,4.203838925207815,3.8179291369259967,3.5631731035617547
4.250621203503976,4.675143689325554,4.36324819337228,4.426289964014988,4.318590320587498,4.341831179387312,4.728875277721454,4.703299045562744,4.277551445362821,4.6142064583282005,4.220155687561812,4.429461636274651,5.0001256104842176,4.365916018866341,4.384669751268046,4.424548028610454,4.136189214644894,4.944117928484095,4.297466818277496,4.736198448394496,4.21892411521337,3.9318256327243257,5.0269179713866805,4.485737688048349,4.506272393808422,4.253020900229108,4.733264066029565,4.108634948730469,4.222385306904448,4.024285423845077,4.234716370653251,4.726276051458981,4.718498871295094,4.306255052814743,4.6452024866432255,4.465975621604271,4.136189214644894,4.761049288528699,4.227409253205468,4.368273447185565,4.538322393370329,4.419302043546451,4.433137378630223,4.452374934961517,4.32971180808618,4.759847444219942,4.703299045562744,4.368081914678204,4.6142064583282005,4.5721477492649845,4.429461636274651,4.075666668950216,4.281397289498403,4.965936795314801,4.43859239037913,4.136189214644894,4.9270343255671865,4.344136977348718
4.406813839234313,4.240760908318721,4.8330933756914485,4.837289101803808,4.389971212094422,4.551107189418135,4.46556044643588,4.438660621643066,4.457470559552831,4.351706229355887,4.293213470405737,4.716241824670145,4.23410650459726,4.4430509394674464,4.509457511030055,4.572562024691805,4.148847056973365,4.271467509530566,4.499552499306244,4.343805421853684,4.336733213311295,4.847616306857834,4.587301138399474,4.673015912570729,4.643532129416061,4.369382904782976,4.72949574000082,4.696179389953613,4.340238907946793,4.712705209411885,4.640087857007311,4.747779718182084,4.736198448394496,4.775993468094399,4.503280461541106,4.640403978420999,4.148847056973365,4.818357859175977,4.344936088029556,4.6321487560981325,4.280874722034217,4.831069409021943,4.708120478895476,4.43168446577188,4.541022378160739,4.573976849820361,4.438660621643066,4.631103431589762,4.351706229355887,4.209844946043908,4.716241824670145,4.804021044733257,4.351982399914443,4.095432649897438,4.578182587040858,4.148847056973365,4.183810196516725,4.55585402197184
4.739649936008231,3.58351893845611,4.63946034144815,4.64148996005716,4.247793958453137,4.489442503248326,4.022779232271033,4.145782470703125,4.682480270983149,4.330394850825884,4.248011070337405,4.715900182760585,3.58351893845611,4.101658379914379,4.282841882755957,4.345188286854323,4.1353512887031805,4.615284064089673,4.653483607895447,4.762173934797756,4.643651003193727,4.57186408852056,4.427830269149477,4.594276519785019,4.60142064391292,4.605559951932603,4.7535901911063645,4.5673136711120605,4.6391575753017005,4.534661758387876,4.653882097041913,4.720174588584934,4.7535901911063645,4.647597617470664,4.563581609176013,4.513103918120702,4.1353512887031805,4.680589841268477,4.634007760350024,4.56105615215358,3.58351893845611,4.639142610630776,4.642077685062658,4.194125226843264,4.481201844301849,4.071048627060383,4.145782470703125,4.5600769769870775,4.330394850825884,4.657903853130433,4.715900182760585,4.168554564781237,4.122392384153128,4.168601872462474,4.345188286854324,4.1353512887031805,4.635668777512579,4.491158605404254
3.3602882865830064,2.985894893899743,3.2859946691592743,3.278786076126882,2.82888726495671,3.7171136279396007,2.591883422275886,2.7851099967956543,3.4599961173982843,2.974435401461791,2.392403171190854,3.0115799016722864,2.7212088552608966,3.0744646602312216,3.3225783096465147,2.7614025313970445,4.206229509845857,2.9224294478200545,3.486098461514321,2.5649493574615367,3.405727953049161,2.7212088552608966,2.4975744877474044,3.327097880331241,2.811141750085363,3.4647797883010365,2.9885821540839017,2.689279079437256,3.4145482153207607,2.918288201844798,2.890089565055206,3.0192580669132023,2.7212088552608966,2.9293471772902056,2.726050159800085,2.7212088552608966,4.206229509845857,2.9440340971737,3.421497354900017,3.5964425637283743,3.082967681084521,3.253423492430048,3.43583923591942,2.7543965868856244,3.699413634925485,2.6673232581838087,2.7851099967956543,3.5976339840510185,2.974435401461791,1.4957908249299336,3.0115799016722864,2.7212088552608966,3.2093117809902387,2.3329835194144173,3.0178512549261054,4.206229509845857,3.262266819521116,3.683105120463653
3.098014908999367,3.354471275152957,2.612892251239499,3.214006362287524,2.719790904917794,3.6288470008195937,2.770833164989236,2.542418956756592,3.230346765031795,2.543065250304762,2.1804179653147218,2.517725023596068,2.481422315129953,2.9549701763900824,3.4488179858848693,2.5649493574615367,4.190759405013053,3.569727073577313,3.289170838092712,3.044522437723423,3.270407388588275,2.481422315129953,3.113413586947216,3.327097880331241,2.618249511913926,3.3404014938829905,2.788760037308116,2.4506313800811768,3.279223395728214,2.736504002839117,2.665287848412601,2.556830681633668,2.481422315129953,2.708754564503228,2.4733134286649605,2.5092646625738144,4.190759405013053,2.498019030667493,3.288496563271435,3.4727870482234984,3.207695072737645,2.612330788264793,3.382053173642936,2.501795067331111,3.6139699937948495,2.9297058255356223,2.542418956756592,3.4747394804454923,2.543065250304762,2.662397926578511,2.517725023596068,2.481422315129953,2.999231361233166,2.982272263752141,2.5649493574615367,4.190759405013053,3.5587548004930505,3.604130983424345
3.5010862936493834,3.8538941369945503,3.4216810653821863,3.574573461269046,3.9334814260054,3.802217267030754,2.7088212815401027,3.48326063156128,3.588429115797037,3.5958799743499874,3.7271883577550646,3.2478225996366947,2.80473589759248,3.3191705349083023,3.697402246904772,2.8846647443027944,4.211618346552695,4.028023809159586,3.607798270516081,2.3978952727983707,3.4528654050090832,2.80473589759248,2.664963805987885,3.327097880331241,2.8886520439536474,3.508105619089172,3.044266848971624,2.77400541305542,3.461687086017177,3.006652772133509,2.8894487394453403,3.0147534103291287,2.80473589759248,2.9861682032963137,2.807123546657764,2.80473589759248,4.211618346552695,2.944073262963893,3.46782673913663,3.700051129080265,3.767220953306916,3.4154001119270347,3.5745354411673023,3.625193813774543,3.7830657044138754,2.764771474237323,3.48326063156128,3.700754368878359,3.5958799743499874,3.3883201384959527,3.2478225996366947,2.80473589759248,3.606989527217361,3.930797550570386,3.044522437723423,4.211618346552695,3.979573573323183,3.759775574235375
2.7534693784386928,3.6576426928304864,2.720299602113588,2.76949385720388,3.890838079171952,3.0466866921350024,3.252572972419929,3.2851226329803467,2.770964335616763,3.221340839094554,3.9315198432660456,3.0362027796935207,2.6390573296152584,3.3786893734930388,2.281847400446621,2.8409785175481272,4.182652488831551,3.692896601699353,2.789335331969858,3.295836866004329,2.6390573296152624,2.6390573296152584,2.739364529644603,2.739337991704609,2.9565914141432104,2.6638243324700026,2.6390573296152584,2.5995657444000244,2.642171846929113,2.9799974458004623,2.7390951582340834,2.674719747798958,3.346041871253314,3.494914082050838,2.641734023762763,3.204644962925703,4.182652488831551,2.738839278547113,2.6453744288391867,2.735144757769252,4.020879318402964,2.767165727387364,2.8268101752996,3.670200408705175,3.3000097461065447,2.6390573296152584,3.2851226329803467,2.737767372566776,3.221340839094554,3.919412358035202,3.0362027796935207,3.346041871253314,3.769975111358033,3.344013891544805,2.6390573296152584,4.182652488831551,3.7342221719786672,3.094537458774102
4.5854563940906194,4.848329574103436,4.653231334229391,4.610684722017763,4.846281805949952,4.391245663742719,4.861701745341183,4.808561325073242,4.54630340868,4.817178561043977,4.888460348487794,4.857058788402149,4.861701745341183,4.84089595701613,4.522555993657454,4.923794316296767,4.145281191795103,4.869529140586626,4.517784423428676,4.454347296253507,4.668272636682817,4.623168528277936,4.410848224383301,4.63969270484459,4.640045054857304,4.628264158695031,4.756451439003495,4.612228870391846,4.663779746772843,4.593786136168196,4.686622757402223,4.750219865715769,4.7535901911063645,4.688982247988328,4.578751574317042,4.587000536474094,4.145281191795103,4.853624550620879,4.658228038430617,4.435203369799594,4.848329574103436,4.653508021540453,4.611282811697256,4.843053773730028,4.383137217865019,4.861701745341183,4.808561325073242,4.435110647453136,4.817178561043977,4.8697969501488,4.857058788402149,4.969813299576001,4.835653775376069,4.918639512066489,4.897620588237213,4.145281191795103,4.869578899137536,4.410622728863998
3.964786383586495,4.649857421548184,4.011342263138996,4.044260727027811,3.577949352057209,4.053041871365149,4.6118830296094,3.594060182571411,3.9773489104719424,3.144655458453544,4.1255083826006,3.256876744874947,4.629993655932799,3.933165363106792,3.9619838171631936,3.346737625239684,4.13195256263979,4.197972827396399,3.978718456099395,4.867534450455582,4.033921993689041,4.425846718117946,5.047824932524453,4.166011505113256,3.615670624466789,4.067822645685092,4.776911620674548,3.5270698070526123,4.037336371766635,3.590868222388409,3.62326932245729,3.448060506457283,3.2769667020129054,4.012304966646392,3.928899879912729,3.323016814839845,4.13195256263979,4.675349121765258,4.042334351913722,3.990414591888555,4.693857432028125,4.025591183376643,4.078390406461519,3.133743168490445,4.038198451132497,4.0994288749160805,3.594060182571411,3.991003385633286,3.144655458453544,4.5407473518309445,3.256876744874947,3.2769667020129054,3.781025353895499,4.225027394026855,3.313742489580078,4.13195256263979,4.015138131682712,4.0320103819608
3.0912842423347087,4.532599493153255,2.2317589379905627,2.6788718787408072,4.325007372320577,3.1279434295191364,4.532599493153255,4.292994499206543,3.0234472750921086,4.439058868038198,4.432813584630555,4.521548141571556,4.532599493153255,4.089160516606476,3.097340946376,4.532599493153255,4.136473424973026,4.432571098623354,3.0183249568852526,4.727387818712341,3.076009868458483,4.532599493153255,4.632827622676508,2.5476163109272405,4.221320590516487,3.0404489587193866,4.014407226346326,4.299870014190674,3.070217927130168,4.409910522496551,4.433099320669633,4.531421126221384,4.532599493153255,4.085249480801269,4.537246548509817,4.438944947094539,4.136473424973026,4.43265220134489,3.066258915325456,2.9262635987044527,4.532599493153255,2.3361373483333265,2.7309630367924207,4.374062355177704,3.13454867519752,4.532599493153255,4.292994499206543,2.9273501692821147,4.439058868038198,4.432967918805236,4.521548141571556,4.532599493153255,4.110863256327239,4.521554425658718,4.532599493153255,4.136473424973026,4.432582569153835,3.040601327161712
4.44814046724474,4.163046942507398,4.855219526789688,4.852816502805291,4.456890356484696,4.571189704343232,4.341584109009502,4.435123443603516,4.495315816392907,4.466636654273477,4.492748434938919,4.338388275223212,4.343805421853684,4.1801607961632445,4.54291338641874,4.39410839285371,4.152385727051766,4.25880719205717,4.531653266812095,4.23410650459726,4.373471568731207,4.836281906951478,4.373588307560272,4.715348776683472,4.639211783529387,4.4056866220712685,4.457409340058214,4.678774356842041,4.376992881538046,4.681334036814108,4.736488101444649,4.747779718182084,4.736198448394496,4.558967388004842,4.432984540897329,4.478124887940266,4.152385727051766,4.602845395491876,4.381590764326694,4.651720367311074,4.209748991895907,4.853398408507888,4.722885490141471,4.330063047690157,4.559863550242596,4.3465317996527775,4.435123443603516,4.650752277380165,4.466636654273477,4.328105114101248,4.338388275223212,4.804021044733257,4.168959586487234,4.036860900401392,4.394108392853709,4.152385727051766,4.229350526743293,4.577791270879568
4.400452617061692,4.719463073272813,4.420169841919664,4.352779454836649,4.587673578936174,4.246077923072064,4.669674560996974,4.599757194519043,4.361693378929128,4.6810105285069,4.675486991913674,4.599580911736965,4.7535901911063645,4.639964451680835,4.428792181999339,4.679480026453467,4.124853795574557,4.621891900232126,4.3398386731422605,5.087596335232384,4.5285203285601945,4.614140856722536,5.088199972863492,4.460720337293394,4.58616050059362,4.492865480482289,4.7535901911063645,4.447646141052246,4.524047743885275,4.367597643525358,4.380325201814524,4.867978187580763,4.7535901911063645,4.627838642898324,4.583988493748377,4.3214616111793305,4.124853795574557,4.283881307168231,4.5193878955508975,4.267342445179033,4.769533118533451,4.416997876579721,4.383761134619503,4.564285720694217,4.239932554751624,4.552787563473204,4.599757194519043,4.267335133314007,4.6810105285069,4.640934857767489,4.599580911736965,4.7535901911063645,4.763024597084934,4.615929824697221,4.657001938738629,4.124853795574557,4.659559210507544,4.256340868728507
4.486022965165421,4.672152573363181,4.554380976184271,4.477166895594943,4.742822131132636,4.318603406251383,4.632224848811607,4.675281047821045,4.446869979754895,4.647604560287059,4.853396038743965,4.708250654903663,4.632224848811607,4.690428926651662,4.578274093406204,4.67373277683018,4.1225486724607405,4.759614473313797,4.424899916320395,5.159055299214529,4.611906292795912,4.5057171944510985,4.427830269149477,4.594276519785019,4.541200840006324,4.576287382799254,4.7535901911063645,4.511524200439453,4.607411849394637,4.480845549067155,4.653857429071329,4.720174588584934,4.7535901911063645,4.603145221851632,4.516150812845229,4.50094016883956,4.1225486724607405,4.662517142896188,4.602780518105369,4.3538388425087335,4.672152573363181,4.554210064726757,4.496908558673152,4.685649206907767,4.311704581845803,4.632224848811607,4.675281047821045,4.353746018733699,4.647604560287059,4.807698609067288,4.708250654903663,4.7535901911063645,4.693868218839127,4.796848640786486,4.67373277683018,4.1225486724607405,4.772248739061185,4.333478215737989
4.451829431332201,4.668310203745464,4.75818179165896,4.754165959273768,3.9442832116744113,4.510274167996712,4.302305008161653,3.91649866104126,4.479003228809972,4.044098806700803,4.605178029671035,3.9896212102154,4.820151475842367,4.297530942476871,4.555977682342412,4.42489379479546,4.152856657581944,4.720866870706502,4.496350432991355,4.219507705176107,4.403267259939286,3.526360524616161,4.199664449279001,4.757740836036114,3.8909124100679615,4.435524755307192,4.246629733809383,3.5267672538757324,4.406804950386484,3.607554425719135,4.835843548055852,3.543874545222383,3.526360524616161,3.924764470251816,4.35161445371838,3.526360524616161,4.152856657581944,3.626555113212722,4.411403958834534,4.565766941229461,4.691434955097526,4.758080945087837,4.637625336182712,4.030013818618896,4.495086743725183,3.951972291996667,3.91649866104126,4.565437236175744,4.044098806700803,4.747878662869392,3.9896212102154,4.820151475842367,4.470009848987957,4.691474949269144,4.42838286979164,4.152856657581944,4.705669956045551,4.52272615876928
4.577482591013272,4.8342015215376,4.653231334229419,4.554383299427971,4.8616867829305095,4.385420308401067,4.861701745341183,4.799506664276123,4.538329605602685,4.801196362154322,4.8884603484877935,4.780090668953873,4.861701745341183,4.839749104571805,4.511286580365022,4.799439982589598,4.143458212575605,4.869529140586626,4.510336003734794,4.51085950651685,4.663752485550533,4.6137498265673775,4.379405574921893,4.63969270484459,4.632954200526764,4.624096017456544,4.756451439003495,4.604030609130859,4.659259853280723,4.583907914452249,4.686622757402223,4.741429120744764,4.7535901911063645,4.703834677836413,4.581528604440192,4.566604144246809,4.143458212575605,4.853639483035787,4.653781569944329,4.428678554904747,4.834201521537601,4.653334159524267,4.554070524009299,4.808913781527816,4.377408864945198,4.861701745341183,4.799506664276123,4.42858582442449,4.801196362154322,4.869796950148828,4.780090668953873,4.969813299576001,4.841299491760258,4.9304098370253815,4.737604465410036,4.143458212575605,4.869578899137533,4.404436326938487
3.175381919539833,4.727387818712341,2.2317589379905343,2.678871878740811,4.522685111962087,3.186306548917858,4.727387818712341,4.471760749816895,3.107544952297232,4.602684109349586,4.627108787101655,4.711382156713475,4.727387818712341,4.363620713512892,3.146789317094189,4.443285859771666,4.142756923552482,4.626996508568358,3.096453146606706,4.532599493153255,3.145141096963844,4.727387818712341,4.827619932987622,2.547466598926602,4.3754086664496485,3.106285796255081,4.144266110052382,4.473183155059815,3.139352571203414,4.566804852871259,4.62745537810771,4.724674471861035,4.727387818712341,4.216419244327105,4.728489057599371,4.685897536986716,4.142756923552482,4.6276901822867895,3.134698274621503,2.994374308045627,4.727387818712341,2.33613734833333,2.7308998693895603,4.567810644973213,3.1918731331162515,4.727387818712341,4.471760749816895,2.99456323785145,4.602684109349585,4.627042563848375,4.711382156713475,4.727387818712341,4.313434704119882,4.729046301590332,4.679150247051879,4.142756923552482,4.62736614134914,3.093242429300205
4.512724777606388,4.719463073272813,4.554380976184271,4.477166895594939,4.765430392777516,4.338110728444626,4.632224848811607,4.710617542266846,4.473571792195846,4.695486529331675,4.853404723830475,4.708250654903663,4.632224848811607,4.705964542767817,4.608783956774345,4.683266823042021,4.128653249432964,4.759796566543621,4.449842295426811,4.969813299576001,4.627042887789372,4.537257527724186,4.427830269149477,4.594276519785021,4.565170056769278,4.590245204995043,4.7535901911063645,4.5353193283081055,4.622548467242014,4.502038641675973,4.653882097041909,4.720174588584934,4.7535901911063645,4.602774813636829,4.534465992838946,4.481088780534957,4.128653249432964,4.661935543540007,4.6176703725944055,4.375688439475802,4.719463073272813,4.554210064726757,4.496908558673152,4.724730102028585,4.330887072782372,4.632224848811607,4.710617542266846,4.3755956429383565,4.695486529331675,4.807280675094016,4.708250654903663,4.7535901911063645,4.691284672935557,4.797081694083467,4.74678449131982,4.128653249432964,4.772361162722023,4.354194571822729
4.142376973057528,3.2580965380214817,3.973101200557524,3.906988706012924,3.488969592388293,3.973231431488345,3.258096538021482,3.464639186859131,4.097107309302749,3.4835867660795947,3.634622437781582,3.258132523363361,3.5487744253073963,3.463964500895369,3.7715768516540575,3.390594332857872,4.183869923314741,3.1580312060935705,4.057841854234621,3.2580965380214817,4.1463404131620685,3.2580965380214817,3.6687569291766486,3.7060084160739217,3.637795929736395,4.096325488588491,3.269613807407255,3.346982717514038,4.141677004585906,3.416838267012781,3.35752865780675,3.28072806312452,3.3649120352447377,3.434704285228836,3.07175516316246,3.42945778453564,4.183869923314741,3.158160929428064,4.1340664022996485,3.9390693812597615,3.2580965380214817,3.902321244558552,3.7901748573189753,3.4812432334763943,3.967792270348721,3.258096538021482,3.464639186859131,3.939121020644653,3.4835867660795947,3.157799567138226,3.258132523363361,3.3649120352447377,3.469281719172058,3.138455105932928,3.521500294538102,4.183869923314741,3.1584214018028387,3.95310804835499
4.300794334605138,4.4549145986231125,4.491151359837603,4.555208483640053,4.547882287710273,4.429437563527107,4.577406968543725,4.580031394958496,4.338294370784992,4.553665128172234,4.251968801609858,4.7777042415562425,4.836281906951478,4.772976797816272,4.408226457607079,4.440580589320543,4.134001393471995,4.622821028706418,4.373039934304066,4.804021044733257,4.32421875,4.517958223733627,4.750626665881515,4.551793605138948,4.550672846839756,4.292551859903725,4.669324645879411,4.5836334228515625,4.261364243401908,4.562370876004393,4.400135009000659,4.724264101502233,4.718498871295094,4.450878514871572,4.55401754029443,4.551561327149982,4.134001393471995,4.699612253854381,4.26650016430725,4.481992407520633,4.494906479049972,4.552581742008228,4.560760629273048,4.555126752585958,4.41962324796055,4.836889693624574,4.580031394958496,4.481390140914777,4.553665128172234,4.442993432706496,4.7777042415562425,4.736198448394496,4.762020756793223,4.490401327418533,4.440580589320544,4.134001393471995,4.643983980817445,4.433404282971779
4.564202754826472,4.45237522209744,4.878630727153662,4.868638893184203,4.437882468005538,4.636974172726875,4.299454416789862,4.162776470184326,4.608146178414964,4.3357859368852285,4.54213297300853,4.267704914596207,4.219507705176107,4.491596117414824,4.642392415792488,4.429965372241615,4.175216244113061,4.323903701174311,4.629706802975298,3.526360524616161,4.462317901177727,4.219507705176107,4.119617718579566,4.757740836036114,4.4228366636825625,4.490942950895831,4.361913039472895,4.212448120117188,4.465857952511797,4.213767534084981,4.83584268323612,4.226146519851008,4.219507705176107,4.365077872156796,4.57830919215452,4.23410650459726,4.175216244113061,4.319579321871483,4.469688383075874,4.719861803610267,4.489805188785189,4.875467271386856,4.741290788443636,4.495864421730284,4.621923792792607,4.272122121942484,4.162776470184326,4.718967151368621,4.3357859368852285,4.429551823691746,4.267597046486689,4.219507705176107,4.561907686131867,4.323873934803282,4.473132587290127,4.175216244113061,4.34894628725412,4.645902434367527
4.921247704291457,4.762173934797756,4.840290499810704,4.824857406150699,4.770013036207343,4.612206929827185,4.612106730441857,4.743054389953613,4.86407803926638,4.74253756863228,4.488731277006532,4.760227413211928,4.762173934797756,4.726810255132446,4.613130944777431,4.7069193371653135,4.173372422495196,4.693392656011903,4.818772991598559,3.58351893845611,4.737926181804809,4.768306587910835,4.4711665447532924,4.63969270484459,4.749263841876597,4.692493385845477,4.756451439003495,4.730030059814453,4.733440294297169,4.686407778606024,4.686622757402223,4.750219865715769,4.7535901911063645,4.748392229742846,4.687177248547399,4.71565352829243,4.173372422495196,4.853582631903201,4.726746166316051,4.697356433218356,4.762173934797756,4.813960928369992,4.828767942612664,4.792332958279721,4.60132412017502,4.760027998874908,4.743054389953613,4.696377018974519,4.74253756863228,4.722105575768017,4.760227413211928,4.75788206295206,4.725930886522759,4.773807276390165,4.709767469311577,4.173372422495196,4.69578645225228,4.620735862857912
4.75101784996383,4.17266470785479,4.676138203431803,4.674211342282344,4.300002103043276,4.498541114998005,4.1728464366269336,4.231191635131836,4.69376478105025,4.426561675973261,4.252085693979096,4.768979367193001,4.1728464366269336,4.197775511757016,4.295352732579092,4.25894126230777,4.135628192655502,4.569492368853551,4.664523935270987,4.7535901911063645,4.653538529203268,4.608357632283247,4.324432718479724,4.60765574378652,4.606465765185742,4.615352312037407,4.7535901911063645,4.601889610290527,4.649041937131297,4.5353570264128695,4.689333575459577,4.719691601806046,4.7535901911063645,4.652821710263272,4.512188123631821,4.581025110580667,4.135628192655502,4.578305957891194,4.643874995567159,4.5718064350288445,4.173645499170056,4.676430149948772,4.674167797682036,4.313515825095224,4.490188030551362,4.261730895689298,4.231191635131836,4.570817528509585,4.426561675973261,4.657673828814976,4.768979367193001,4.1728464366269336,4.216952178863294,4.131462727352771,4.25894126230777,4.135628192655502,4.590440475623231,4.50080945456581
4.233553459467799,4.844919243379414,4.677720314443031,4.6746783782103325,4.44970448968922,4.465601125504859,4.586006858354798,4.368570804595947,4.2981101176557335,4.386371563354831,4.2989851883620736,4.379452127328354,4.23410650459726,4.569697730366222,4.693863021373991,4.701126627533401,4.1367601733053885,4.2165017706035774,4.359143599902673,4.718498871295094,4.3078821671641,4.660269582137129,4.507499726016889,4.630975409115563,4.559329945842465,4.342404460945843,4.635822377640468,4.615496635437012,4.311385929873519,4.568653740900955,4.56601782005534,4.747949669862563,4.736198448394496,4.664794628748919,4.478329934773811,4.5839019398716205,4.1367601733053885,4.549917968475728,4.316480133851801,4.532024464169769,4.778932078544911,4.715984373351795,4.667690581181145,4.44410972901888,4.458415094966668,4.719425467241208,4.368570804595947,4.531303873913217,4.386371563354831,4.633170711752216,4.379452127328354,4.861701745341183,4.474445941061354,4.58821716428176,4.701126627533401,4.1367601733053885,4.242452451279887,4.476008469205308
4.470889774197124,3.6635616461296463,4.344949104428654,4.352532500174186,3.7362067517073982,4.265517883215041,3.6635616461296463,3.833144426345825,4.426551890969897,3.806447941286781,4.103458408865166,3.666525864301493,3.460829092075564,3.7409908957025726,4.325985717360798,3.7381997107943006,4.17819603027836,3.763677883396313,4.3893265460243445,3.4339872044851463,4.4765625,3.6635616461296463,3.9743005247467433,4.244631641266418,3.757738465124021,4.424069141474136,3.595984128111619,3.875699758529663,4.465952340423877,3.619451582808453,3.9480731303264864,3.702032692850713,3.2769667020129054,3.997715645388397,4.3238490669059,4.124223893926457,4.17819603027836,3.763859718859819,4.459026321893518,4.282476434827196,3.6635616461296463,4.30150683132508,4.264131196459027,3.770035931477805,4.2577568568602855,3.663561646129647,3.833144426345825,4.282207999345604,3.806447941286781,4.313667937941927,3.666525864301493,3.2769667020129054,3.8876111180454,3.8882290042896623,3.738199710794301,4.17819603027836,3.763847945203338,4.262343141566225
4.142376973057497,3.2580965380214817,3.9731012005575206,3.9069887060129247,3.488969592388293,3.973231431488345,3.258096538021482,3.464639186859131,4.09710730930275,3.4835867660795947,3.6346224377815823,3.258132523363361,3.5487744253073963,3.519377084537727,3.7715768516540567,3.4339872044851463,4.183869923314741,3.15803120609357,4.057841854234621,3.2580965380214817,4.14634041316207,3.2580965380214817,3.6687569291766486,3.706008416073921,3.637795929736395,4.096325488588491,3.269613807407255,3.346982717514038,4.1416770045859055,3.416838267012781,3.357528657806749,3.28072806312452,3.3649120352447377,3.4741056981982914,3.0717551631620807,3.4664091250156464,4.183869923314741,3.158160929428068,4.134066402299648,3.939069381259761,3.2580965380214817,3.902321244558552,3.790174857318975,3.4812432334763943,3.967792270348721,3.258096538021482,3.464639186859131,3.9391210206446527,3.4835867660795947,3.157799567138252,3.258132523363361,3.3649120352447377,3.55159725031715,3.138455105932949,3.567406326305416,4.183869923314741,3.1584214018028387,3.95310804835499
